SECID;BOARDID;SHORTNAME;PREVPRICE;LOTSIZE;FACEVALUE;STATUS;BOARDNAME;DECIMALS;SECNAME;REMARKS;MARKETCODE;INSTRID;SECTORID;MINSTEP;PREVWAPRICE;FACEUNIT;PREVDATE;ISSUESIZE;ISIN;LATNAME;REGNUMBER;PREVLEGALCLOSEPRICE;PREVADMITTEDQUOTE;CURRENCYID;SECTYPE;LISTLEVEL;SETTLEDATE
ABRD;TQBR;АбрауДюрсо;138;10;1;A;Т+: Акции и ДР - безадрес.;1;Абрау-Дюрсо ПАО ао;;FNDT;EQIN;EQ-N;0.5;138;SUR;15.01.2020;98000184;RU000A0JS5T7;Abrau-Durso ao;1-02-12500-A;138;138;SUR;1;3;20.01.2020
AFKS;TQBR;Система ао;15.6;100;0.09;A;Т+: Акции и ДР - безадрес.;3;"АФК ""Система"" ПАО ао";;FNDT;EQIN;EQ-N;0.001;15.665;SUR;15.01.2020;9650000000;RU000A0DQZE3;AFK Sistema;1-05-01669-A;15.6;15.6;SUR;1;1;20.01.2020
AFLT;TQBR;Аэрофлот;110.7;10;1;A;Т+: Акции и ДР - безадрес.;2;Аэрофлот-росс.авиалин(ПАО)ао;;FNDT;EQIN;EQ-N;0.02;110.36;SUR;15.01.2020;1110616299;RU0009062285;Aeroflot;1-01-00010-A;110.7;110.7;SUR;1;1;20.01.2020
AGRO;TQBR;AGRO-гдр;644;1;0;A;Т+: Акции и ДР - безадрес.;1;ГДР ROS AGRO PLC ORD SHS;;FNDT;EQIN;EQ-N;0.2;651.8;SUR;15.01.2020;0;US7496552057;GDR ROS AGRO PLC ORD SHS;;644;644;SUR;D;1;20.01.2020
AKRN;TQBR;Акрон;4718;1;5;A;Т+: Акции и ДР - безадрес.;0;Акрон ПАО ао;;FNDT;EQIN;EQ-N;2;4716;SUR;15.01.2020;40534000;RU0009028674;Acron;1-03-00207-A;4718;4718;SUR;1;1;20.01.2020
ALBK;TQBR;БестЭфБ ао;62;10;10;A;Т+: Акции и ДР - безадрес.;0;Бест Эффортс Банк ПАО ао;;FNDT;EQIN;EQ-N;1;62;SUR;15.01.2020;56490000;RU000A0JS2M9;Best Efforts Bank ao;10400435B;61;61;SUR;1;3;20.01.2020
ALNU;TQBR;АЛРОСА-Нюр;53400;1;25;A;Т+: Акции и ДР - безадрес.;0;АЛРОСА-Нюрба ПАО ао;;FNDT;EQIN;EQ-N;200;53400;SUR;15.01.2020;800000;RU000A0JP468;ALROSA-Nurba ao;1-01-20179-F;53400;53400;SUR;1;3;20.01.2020
ALRS;TQBR;АЛРОСА ао;90.37;10;0.5;A;Т+: Акции и ДР - безадрес.;2;АЛРОСА ПАО ао;;FNDT;EQIN;EQ-N;0.01;89.86;SUR;15.01.2020;7364965630;RU0007252813;ALROSA ao;1-03-40046-N;90.37;90.37;SUR;1;1;20.01.2020
AMEZ;TQBR;АшинскийМЗ;5.09;100;1;A;Т+: Акции и ДР - безадрес.;3; Ашинский метзавод ПАО ао;;FNDT;EQIN;EQ-N;0.005;5.065;SUR;15.01.2020;498454822;RU000A0B88G6;Ashinckiy metzavod PAO;1-03-45219-D;5.09;5.09;SUR;1;2;20.01.2020
APTK;TQBR;Аптеки36и6;11.99;10;0.64;A;Т+: Акции и ДР - безадрес.;3;"ПАО ""Аптечная сеть 36,6"" ао";;FNDT;EQIN;EQ-N;0.002;12.004;SUR;15.01.2020;6708243398;RU0008081765;Apteki 36,6;1-01-07335-A;11.99;11.99;SUR;1;2;20.01.2020
AQUA;TQBR;РусАква ао;269;10;100;A;Т+: Акции и ДР - безадрес.;1;Русская Аквакультура ПАО ао;;FNDT;EQIN;EQ-N;0.5;272.5;SUR;15.01.2020;87876649;RU000A0JQTS3;Russkaya Akvakul'tura;1-01-04461-D;267.5;267.5;SUR;1;2;20.01.2020
ARSA;TQBR;Арсагера;3.45;1000;1;A;Т+: Акции и ДР - безадрес.;2;УК Арсагера ПАО-ао;;FNDT;EQIN;EQ-N;0.01;3.45;SUR;15.01.2020;123817165;RU000A0JP0Q7;UK Arsagera;1-01-03163-D;3.45;3.45;SUR;1;3;20.01.2020
ASSB;TQBR;АстрЭнСб;0.69;1000;0.007;A;Т+: Акции и ДР - безадрес.;4;Астраханская ЭСК ПАО;;FNDT;EQIN;EQ-N;0.0005;0.6995;SUR;15.01.2020;773900078;RU000A0D8MM8;Astrakhan Energo Sbyt;1-01-55064-E;0.69;0.69;SUR;1;3;20.01.2020
AVAN;TQBR;Авангрд-ао;650;1;10;A;Т+: Акции и ДР - безадрес.;0;"АКБ ""АВАНГАРД"" ПАО ао";;FNDT;EQIN;EQ-N;10;650;SUR;15.01.2020;80700000;RU000A0DM7B3;"AKB ""AVANGARD""";10102879B;650;650;SUR;1;3;20.01.2020
BANE;TQBR;Башнефт ао;2051.5;1;1;A;Т+: Акции и ДР - безадрес.;1;Башнефть АНК ао;;FNDT;EQIN;EQ-N;0.5;2057;SUR;15.01.2020;147846489;RU0007976957;Bashneft ANK ao;1-01-00013-A;2051.5;2051.5;SUR;1;3;20.01.2020
BANEP;TQBR;Башнефт ап;1798;1;1;A;Т+: Акции и ДР - безадрес.;1;Башнефть АНК ап;;FNDT;EQIN;EQ-N;0.5;1800.5;SUR;15.01.2020;29788012;RU0007976965;Bashneft ANK ap;2-01-00013-A;1798;1798;SUR;2;3;20.01.2020
BELU;TQBR;Белуга ао;791;1;100;A;Т+: Акции и ДР - безадрес.;0;Белуга Групп ПАО ао;;FNDT;EQIN;EQ-N;1;811;SUR;15.01.2020;19400000;RU000A0HL5M1;Beluga Group ao;1-01-55052-E;791;791;SUR;1;3;20.01.2020
BISV;TQBR;БашИнСв ао;8.67;100;1;A;Т+: Акции и ДР - безадрес.;2;Башинформсвязь(ПАО) ао;;FNDT;EQIN;EQ-N;0.05;8.75;SUR;15.01.2020;949023840;RU0009059216;BashInformSvyaz ao;1-01-00011-A;8.7;8.7;SUR;1;3;20.01.2020
BISVP;TQBR;БашИнСв ап;6.63;1000;1;A;Т+: Акции и ДР - безадрес.;2;Башинформсвязь(ПАО) ап;;FNDT;EQIN;EQ-N;0.01;6.64;SUR;15.01.2020;36165270;RU0009100176;BashInformSvyaz ap;2-01-00011-A;6.63;6.63;SUR;2;3;20.01.2020
BLNG;TQBR;Белон ао;4.14;100;0.01;A;Т+: Акции и ДР - безадрес.;3;Белон ОАО ао;;FNDT;EQIN;EQ-N;0.002;4.154;SUR;15.01.2020;1150000000;RU000A0J2QG8;Belon ao;1-06-10167-F;4.14;4.14;SUR;1;3;20.01.2020
BRZL;TQBR;БурЗолото;806;1;0;A;Т+: Акции и ДР - безадрес.;0;Бурятзолото ПАО ао;;FNDT;EQIN;EQ-N;1;806;SUR;15.01.2020;7027270;RU0009288658;Buryatzoloto ao;1-06-20577-F;806;806;SUR;1;3;20.01.2020
BSPB;TQBR;БСП ао;55.8;10;1;A;Т+: Акции и ДР - безадрес.;2;"ПАО ""Банк ""Санкт-Петербург"" ао";;FNDT;EQIN;EQ-N;0.01;55.9;SUR;15.01.2020;499554000;RU0009100945;BSP;10300436B;55.8;55.8;SUR;1;1;20.01.2020
CBOM;TQBR;МКБ ао;5.81;100;1;A;Т+: Акции и ДР - безадрес.;3;МКБ ПАО ао;;FNDT;EQIN;EQ-N;0.001;5.838;SUR;15.01.2020;29829709866;RU000A0JUG31;MKB ao;10101978B;5.81;5.81;SUR;1;1;20.01.2020
CHEP;TQBR;ЧТПЗ ао;187.5;10;1;A;Т+: Акции и ДР - безадрес.;1;ЧТПЗ ПАО ао;;FNDT;EQIN;EQ-N;0.5;187.5;SUR;15.01.2020;305696336;RU0009066807;CHTPZ;1-01-00182-A;187.5;187.5;SUR;1;3;20.01.2020
CHGZ;TQBR;РН-ЗапСиб;36.4;100;0.1;A;Т+: Акции и ДР - безадрес.;1;РН-Западная Сибирь ПАО ао;;FNDT;EQIN;EQ-N;0.2;36.8;SUR;15.01.2020;26771420;RU0009082291;RN-Western Siberia ao;1-01-00185-A;36.4;36.4;SUR;1;3;20.01.2020
CHKZ;TQBR;ЧКПЗ ао;6060;1;200;A;Т+: Акции и ДР - безадрес.;0;ЧКПЗ ПАО ао;;FNDT;EQIN;EQ-N;20;6080;SUR;15.01.2020;600216;RU000A0JNST0;CKPZ;1-03-45058-D;6060;6060;SUR;1;3;20.01.2020
CHMF;TQBR;СевСт-ао;960.2;1;0;A;Т+: Акции и ДР - безадрес.;1;Северсталь (ПАО)ао;;FNDT;EQIN;EQ-N;0.2;960;SUR;15.01.2020;837718660;RU0009046510;Severstal - ao;1-02-00143-A;960.2;960.2;SUR;1;1;20.01.2020
CHMK;TQBR;ЧМК ао;2700;1;1;A;Т+: Акции и ДР - безадрес.;0;ЧМК ПАО ао;;FNDT;EQIN;EQ-N;5;2725;SUR;15.01.2020;3161965;RU0007665170;CMK;1-01-00080-A;2700;2700;SUR;1;3;20.01.2020
CNTL;TQBR;Телеграф;18.5;100;1;A;Т+: Акции и ДР - безадрес.;2;Центральный Телеграф ПАО ао;;FNDT;EQIN;EQ-N;0.05;18.6;SUR;15.01.2020;166167000;RU0007665147;Centrlnyi Telegraf;1-03-00327-A;18.5;18.5;SUR;1;3;20.01.2020
CNTLP;TQBR;Телеграф-п;15.66;100;1;A;Т+: Акции и ДР - безадрес.;2;Центральный Телеграф ПАО ап;;FNDT;EQIN;EQ-N;0.02;15.78;SUR;15.01.2020;55389000;RU0007665139;Centrlnyi Telegraf ap;2-03-00327-A;15.7;15.7;SUR;2;3;20.01.2020
DASB;TQBR;ДагСб ао;0.1095;10000;0.003;A;Т+: Акции и ДР - безадрес.;4;ао Дагестанская энергосб.комп.;;FNDT;EQIN;EQ-N;0.0001;0.1078;SUR;15.01.2020;5269115472;RU000A0F63G0;Dagestan energosbyt. company;1-01-55094-E;0.1094;0.1094;SUR;1;3;20.01.2020
DIOD;TQBR;ЗаводДИОД;5.1;100;0.01;A;Т+: Акции и ДР - безадрес.;2;Завод ДИОД ПАО ао;;FNDT;EQIN;EQ-N;0.01;5.11;SUR;15.01.2020;91500000;RU000A0JQWC1;Zavod DIOD ao;1-03-06923-A;5.1;5.1;SUR;1;3;20.01.2020
DSKY;TQBR;ДетскийМир;105.24;10;0;A;Т+: Акции и ДР - безадрес.;2;ПАО Детский мир;;FNDT;EQIN;EQ-N;0.02;106.18;SUR;15.01.2020;739000000;RU000A0JSQ90;Detsky mir;1-02-00844-A;105.24;105.24;SUR;1;1;20.01.2020
DVEC;TQBR;ДЭК ао;1.022;1000;1;A;Т+: Акции и ДР - безадрес.;3;ДЭК ПАО ао;;FNDT;EQIN;EQ-N;0.001;1.055;SUR;15.01.2020;17223107804;RU000A0JP2W1;DEC;1-01-55275-E;1.022;1.022;SUR;1;3;20.01.2020
DZRD;TQBR;iДонскЗР;2338;1;1;A;Т+: Акции и ДР - безадрес.;0;Донской завод радиодеталей ао;;FNDT;EQIN;EQ-N;2;2338;SUR;15.01.2020;343407;RU000A0JQW11;DZRD ao;1-01-02677-A;2338;2338;SUR;1;3;20.01.2020
DZRDP;TQBR;iДонскЗР п;1790;1;1;A;Т+: Акции и ДР - безадрес.;0;Донской завод радиодеталей ап;;FNDT;EQIN;EQ-N;10;1790;SUR;15.01.2020;114469;RU000A0JQW29;DZRD pref.;2-01-02677-A;1790;1790;SUR;2;3;20.01.2020
ELTZ;TQBR;Электрцинк;118.5;1;1;A;Т+: Акции и ДР - безадрес.;1;Электроцинк ПАО ао;;FNDT;EQIN;EQ-N;0.5;119;SUR;15.01.2020;1404308;RU000A0B66V1;Elektrotsink ao;1-02-30394-E;118.5;118.5;SUR;1;3;20.01.2020
ENPL;TQBR;ENPL-гдр;718.8;1;0;A;Т+: Акции и ДР - безадрес.;1;"ГДР МКПАО ""ЭН+ ГРУП"" ORD SHS";;FNDT;EQIN;EQ-N;0.2;716.8;SUR;15.01.2020;0;US29355E2081;GDR En+Group ORD SHS;;718.8;718.8;SUR;D;1;20.01.2020
ENRU;TQBR;ЭнелРос ао;0.976;1000;1;A;Т+: Акции и ДР - безадрес.;4;Энел Россия ПАО;;FNDT;EQIN;EQ-N;0.0005;0.9805;SUR;15.01.2020;35371898370;RU000A0F5UN3;Enel Russia;1-01-50077-A;0.976;0.976;SUR;1;1;20.01.2020
FEES;TQBR;ФСК ЕЭС ао;0.20396;10000;0.5;A;Т+: Акции и ДР - безадрес.;5;ФСК ЕЭС ПАО ао;;FNDT;EQIN;EQ-N;0.00002;0.20418;SUR;15.01.2020;1.27467E+12;RU000A0JPNN9;FSK EES;1-01-65018-D;0.20396;0.20396;SUR;1;1;20.01.2020
FESH;TQBR;ДВМП ао;8.45;100;1;A;Т+: Акции и ДР - безадрес.;2;ДВ морское пароходство ПАО ао;;FNDT;EQIN;EQ-N;0.01;8.55;SUR;15.01.2020;2951250000;RU0008992318;DVMP ao;1-03-00032-A;8.45;8.45;SUR;1;3;20.01.2020
FIVE;TQBR;FIVE-гдр;2095;1;0;A;Т+: Акции и ДР - безадрес.;1;ГДР X5 RetailGroup N.V.ORD SHS;;FNDT;EQIN;EQ-N;0.5;2106.5;EUR;15.01.2020;271572872;US98387E2054;GDR X5 RetailGroup N.V.ORD SHS;;2095;2095;SUR;D;1;20.01.2020
FTRE;TQBR;БУДУЩЕЕ ао;80;1;1000;A;Т+: Акции и ДР - безадрес.;1;Финансовая группа БУДУЩЕЕ ао;;FNDT;EQIN;EQ-N;0.1;80;SUR;15.01.2020;50293125;RU000A0JWNX4;FG FUTURE ao;1-01-50531-A;80;80;SUR;1;2;20.01.2020
GAZA;TQBR;ГАЗ ао;437;10;1;A;Т+: Акции и ДР - безадрес.;1;ГАЗ ПАО ао;;FNDT;EQIN;EQ-N;0.5;436.5;SUR;15.01.2020;18520260;RU0009034268;Gaz ao;1-01-00029-A;438;438;SUR;1;3;20.01.2020
GAZAP;TQBR;ГАЗ ап;393;10;1;A;Т+: Акции и ДР - безадрес.;1;ГАЗ ПАО ап;;FNDT;EQIN;EQ-N;0.5;390.5;SUR;15.01.2020;1453500;RU000A0ZYHF5;Gaz (pref);2-02-00029-A;392.5;392.5;SUR;2;3;20.01.2020
GAZC;TQBR;ГАЗКОН-ао;295;10;10;A;Т+: Акции и ДР - безадрес.;0;ГАЗКОН (ПАО) ао;;FNDT;EQIN;EQ-N;1;295;SUR;15.01.2020;185125000;RU000A0JQG86;Gazkon ao;1-01-09870-A;295;295;SUR;1;3;20.01.2020
GAZP;TQBR;ГАЗПРОМ ао;251.3;10;5;A;Т+: Акции и ДР - безадрес.;2;Газпром (ПАО) ао;;FNDT;EQIN;EQ-N;0.01;250.2;SUR;15.01.2020;23673512900;RU0007661625;Gazprom;1-02-00028-A;251.3;251.3;SUR;1;1;20.01.2020
GAZS;TQBR;ГАЗ-сервис;293;10;10;A;Т+: Акции и ДР - безадрес.;0;ГАЗ-сервис (ПАО) ао;;FNDT;EQIN;EQ-N;1;293;SUR;15.01.2020;206508967;RU000A0JQG78;Gaz-servis ao;1-01-09871-A;293;293;SUR;1;3;20.01.2020
GAZT;TQBR;ГАЗ-Тек ао;85;10;100;A;Т+: Акции и ДР - безадрес.;1;ГАЗ-Тек ПАО ао;;FNDT;EQIN;EQ-N;0.5;85;SUR;15.01.2020;471428300;RU000A0JS199;GAZ-Tek PAO ao;1-01-12996-A;85;85;SUR;1;3;20.01.2020
GCHE;TQBR;ЧеркизГ-ао;2010.5;1;0;A;Т+: Акции и ДР - безадрес.;1;Группа Черкизово ПАО-ао;;FNDT;EQIN;EQ-N;0.5;2068.5;SUR;15.01.2020;43963773;RU000A0JL4R1;Cherkizovo Group ao;1-02-10797-A;2010.5;2010.5;SUR;1;3;20.01.2020
GEMA;TQBR;iММЦБ ао;759;1;0.1;A;Т+: Акции и ДР - безадрес.;1;ПАО ММЦБ ао;;FNDT;EQIN;EQ-N;0.5;764.5;SUR;15.01.2020;1492992;RU000A100GC7;IMCB PJSC;1-01-85932-H;759;759;SUR;1;3;20.01.2020
GMKN;TQBR;ГМКНорНик;20396;1;1;A;Т+: Акции и ДР - безадрес.;0;"ГМК ""Нор.Никель"" ПАО ао";;FNDT;EQIN;EQ-N;2;20272;SUR;15.01.2020;158245476;RU0007288411;NorNickel GMK;1-01-40155-F;20396;20396;SUR;1;1;20.01.2020
GTRK;TQBR;ГТМ ао;58.7;10;100;A;Т+: Акции и ДР - безадрес.;2;"ПАО ""ГТМ"" ао";;FNDT;EQIN;EQ-N;0.05;58.55;SUR;15.01.2020;58462120;RU000A0ZYD22;GTM;1-01-84907-H;58.65;58.65;SUR;1;3;20.01.2020
GTSS;TQBR;ГЕОТЕК ао;;100000;0.01;A;Т+: Акции и ДР - безадрес.;5;ГЕОТЕК Сейсморазведка ПАО ао;;FNDT;EQIN;EQ-N;0.00001;;SUR;15.01.2020;3.854E+11;RU000A0JQ7U3;GEOTECH Seismic Services ao;1-01-55378-E;;;SUR;1;3;20.01.2020
HALS;TQBR;Галс-Девел;803;1;50;A;Т+: Акции и ДР - безадрес.;0;"ПАО ""Галс-Девелопмент""";;FNDT;EQIN;EQ-N;1;810;SUR;15.01.2020;11217094;RU000A0JNP96;Gals-Development ao;1-01-01017-H;815;815;SUR;1;3;20.01.2020
HIMC;TQBR;Химпром ао;0.99;1000;1;A;Т+: Акции и ДР - безадрес.;3;Химпром ПАО ао;;FNDT;EQIN;EQ-N;0.001;0.99;SUR;15.01.2020;688894206;RU0009098990;Himprom ao;1-01-55076-D;0.99;0.99;SUR;1;3;20.01.2020
HIMCP;TQBR;Химпром ап;6.15;1000;1;A;Т+: Акции и ДР - безадрес.;2;Химпром ПАО ап;;FNDT;EQIN;EQ-N;0.01;6.18;SUR;15.01.2020;229631402;RU0009099006;Himprom ap;2-01-55076-D;6.15;6.15;SUR;2;3;20.01.2020
HYDR;TQBR;РусГидро;0.6653;1000;1;A;Т+: Акции и ДР - безадрес.;4;"ПАО ""РусГидро""";;FNDT;EQIN;EQ-N;0.0001;0.6753;SUR;15.01.2020;4.26289E+11;RU000A0JPKH7;RusGidro;1-01-55038-E;0.6653;0.6653;SUR;1;1;20.01.2020
IDVP;TQBR;Инв-Девел;16600;1;1000;A;Т+: Акции и ДР - безадрес.;0;"ПАО ""ИНВЕСТ-ДЕВЕЛОПМЕНТ"" - ао";;FNDT;EQIN;EQ-N;200;16600;SUR;15.01.2020;2110524;RU000A0JV7V4;"PAO ""INVEST-DEVELOPMENT""";1-01-15857-A;16600;16600;SUR;1;3;20.01.2020
IGST;TQBR;Ижсталь2ао;1007;1;1000;A;Т+: Акции и ДР - безадрес.;0;Ижсталь ПАО ао 2в.;;FNDT;EQIN;EQ-N;1;1087;SUR;15.01.2020;800729;RU0002155292;Izhstal 2ao;1-02-30078-D;1007;1007;SUR;1;3;20.01.2020
IGSTP;TQBR;Ижсталь ап;844;1;1000;A;Т+: Акции и ДР - безадрес.;0;Ижсталь ПАО ап;;FNDT;EQIN;EQ-N;1;908;SUR;15.01.2020;266910;RU0002155300;Izhstal ap;2-02-30078-D;833;833;SUR;2;3;20.01.2020
IRAO;TQBR;ИнтерРАОао;5.859;1000;2.8098;A;Т+: Акции и ДР - безадрес.;4;Интер РАО ПАО ао;;FNDT;EQIN;EQ-N;0.0005;5.8815;SUR;15.01.2020;1.044E+11;RU000A0JPNM1;Inter RAO ao;1-04-33498-E;5.859;5.859;SUR;1;1;20.01.2020
IRGZ;TQBR;ИркЭнерго;14.48;100;1;A;Т+: Акции и ДР - безадрес.;2;Иркутскэнерго(ПАО)-ао;;FNDT;EQIN;EQ-N;0.02;14.58;SUR;15.01.2020;4766807700;RU0008960828;IrkutskEnrg;1-01-00041-A;14.48;14.48;SUR;1;3;20.01.2020
IRKT;TQBR;ИРКУТ-3;36.87;100;3;A;Т+: Акции и ДР - безадрес.;2;"Корпорация""ИРКУТ"" ПАО ак.об.-3";;FNDT;EQIN;EQ-N;0.01;36.61;SUR;15.01.2020;1332450553;RU0006752979;IRKUT-3;1-03-00040-A;36.87;36.87;SUR;1;3;20.01.2020
ISKJ;TQBR;iИСКЧ ао;13.2;100;0.1;A;Т+: Акции и ДР - безадрес.;2;"ПАО ""ИСКЧ""";;FNDT;EQIN;EQ-N;0.01;13.12;SUR;15.01.2020;75000000;RU000A0JNAB6;HSCI ao;1-01-08902-A;13.21;13.21;SUR;1;3;20.01.2020
JNOS;TQBR;Славн-ЯНОС;17.5;100;1;A;Т+: Акции и ДР - безадрес.;2;Славнефть-ЯНОС (ПАО) ао;;FNDT;EQIN;EQ-N;0.05;17.25;SUR;15.01.2020;932654723;RU0009100895;Slavneft-JANOS;1-01-00199-A;17.5;17.5;SUR;1;3;20.01.2020
JNOSP;TQBR;Слав-ЯНОСп;12.5;100;1;A;Т+: Акции и ДР - безадрес.;2;Славнефть-ЯНОС (ПАО) ап;;FNDT;EQIN;EQ-N;0.02;12.48;SUR;15.01.2020;310884574;RU0009101927;Slavneft-JANOS (pref);2-01-00199-A;12.5;12.5;SUR;2;3;20.01.2020
KAZT;TQBR;Куйбазот;170;10;1;A;Т+: Акции и ДР - безадрес.;1;Куйбышевазот ПАО ао;;FNDT;EQIN;EQ-N;0.2;167.4;SUR;15.01.2020;234147999;RU000A0B9BV2;Kuib.Azot ao;1-01-00067-A;170;170;SUR;1;3;20.01.2020
KAZTP;TQBR;Куйбазот-п;163.8;10;1;A;Т+: Акции и ДР - безадрес.;1;Куйбышевазот ПАО ап;;FNDT;EQIN;EQ-N;0.2;166.4;SUR;15.01.2020;3696506;RU000A0B9BW0;Kuibishevazot ap;2-01-00067-A;163.8;163.8;SUR;2;3;20.01.2020
KBSB;TQBR;ТНСэКубань;131;10;0.6;A;Т+: Акции и ДР - безадрес.;1;ТНС энерго Кубань ПАО ао;;FNDT;EQIN;EQ-N;0.5;131.5;SUR;15.01.2020;17869440;RU000A0JNJ11;TNS energo Kuban Company;1-01-55218-E;131;131;SUR;1;3;20.01.2020
KBTK;TQBR;КузбТК ао;194.2;10;0.2;A;Т+: Акции и ДР - безадрес.;1;Кузбас.Топл.Комп. ПАО ао;;FNDT;EQIN;EQ-N;0.2;194;SUR;15.01.2020;99258355;RU000A0JPYD7;Kuzbas.Topl. Kompaniya ao;1-02-11330-F;194.2;194.2;SUR;1;3;20.01.2020
KCHE;TQBR;КамчатЭ ао;0.1545;10000;0.1;A;Т+: Акции и ДР - безадрес.;4;Камчатскэнерго ПАО ао;;FNDT;EQIN;EQ-N;0.0005;0.1555;SUR;15.01.2020;41851554774;RU0006753498;Kamchatskenergo;1-02-00235-A;0.1545;0.1545;SUR;1;3;20.01.2020
KCHEP;TQBR;КамчатЭ ап;0.305;10000;0.1;A;Т+: Акции и ДР - безадрес.;3;Камчатскэнерго ПАО ап;;FNDT;EQIN;EQ-N;0.001;0.307;SUR;15.01.2020;183062052;RU0006753480;Kamchatskenergo (pref);2-02-00235-A;0.306;0.306;SUR;2;3;20.01.2020
KGKC;TQBR;КурганГКао;54;10;7;A;Т+: Акции и ДР - безадрес.;0;Курганская генер.комп.ПАО ао;;FNDT;EQIN;EQ-N;1;53;SUR;15.01.2020;122453406;RU000A0JP120;Kurganskaja Gener.Kompanija;1-01-55226-E;54;54;SUR;1;3;20.01.2020
KGKCP;TQBR;КурганГКап;60;10;7.2;A;Т+: Акции и ДР - безадрес.;1;Курганская генер. комп. ПАО ап;;FNDT;EQIN;EQ-N;0.5;60.5;SUR;15.01.2020;14393052;RU000A0JP138;Kurganskaja Gener.Kompanija ap;2-01-55226-E;60;60;SUR;2;3;20.01.2020
KLSB;TQBR;КалужскСК;12.19;100;0.2;A;Т+: Акции и ДР - безадрес.;2;"ао""Калужская сбыт.комп.""ПАО";;FNDT;EQIN;EQ-N;0.01;12.27;SUR;15.01.2020;91487347;RU000A0DKZK3;Kalugsk. Sbyt. Company ao;1-01-65057-D;12.18;12.18;SUR;1;3;20.01.2020
KMAZ;TQBR;КАМАЗ;70;10;50;A;Т+: Акции и ДР - безадрес.;1;КАМАЗ ПАО;;FNDT;EQIN;EQ-N;0.1;69.7;SUR;15.01.2020;707229559;RU0008959580;KAMAZ;1-08-55010-D;70.3;70.3;SUR;1;2;20.01.2020
KMEZ;TQBR;КМЗ;536.5;1;250;A;Т+: Акции и ДР - безадрес.;1;Ковровский механический завод;;FNDT;EQIN;EQ-N;0.5;532.5;SUR;15.01.2020;3764600;RU0006753613;Kovrov Mech. Zavod;1-02-05376-A;536.5;536.5;SUR;1;3;20.01.2020
KMTZ;TQBR;КосогМЗ ао;;10;1;A;Т+: Акции и ДР - безадрес.;2;Косогорский метал. завод ПАО;;FNDT;EQIN;EQ-N;0.01;;SUR;15.01.2020;28416095;RU000A0HF1L0;KGIW ao;1-01-03975-A;;;SUR;1;3;20.01.2020
KOGK;TQBR;КоршГОК ао;47600;1;1;A;Т+: Акции и ДР - безадрес.;0;Коршуновский ГОК ПАО ао;;FNDT;EQIN;EQ-N;200;47200;SUR;15.01.2020;250126;RU0002155359;Korshunovskii GOK;1-01-20992-F;47600;47600;SUR;1;3;20.01.2020
KRKN;TQBR;СаратНПЗ;13000;1;1;A;Т+: Акции и ДР - безадрес.;0;Саратовский НПЗ ПАО ао;;FNDT;EQIN;EQ-N;50;13300;SUR;15.01.2020;748012;RU0009100408;Saratovskiy NPZ ao;1-01-00248-A;13050;13050;SUR;1;3;20.01.2020
KRKNP;TQBR;СаратНПЗ-п;17220;1;1;A;Т+: Акции и ДР - безадрес.;0;Саратовский НПЗ ПАО ап;;FNDT;EQIN;EQ-N;20;17400;SUR;15.01.2020;249337;RU0009100416;Saratovskiy NPZ ap;2-01-00248-A;17220;17220;SUR;2;3;20.01.2020
KRKO;TQBR;ТКЗКК ао;11.8;100;1;A;Т+: Акции и ДР - безадрес.;2;ТКЗ Красный котельщик ОАО ао;;FNDT;EQIN;EQ-N;0.05;11.8;SUR;15.01.2020;213258000;RU0009098123;TKZ Krasny Kotelshchik ao;1-01-30301-E;11.8;11.8;SUR;1;3;20.01.2020
KRKOP;TQBR;ТКЗКК ап;4.785;100;1;A;Т+: Акции и ДР - безадрес.;3;ТКЗ Красный котельщик ОАО ап;;FNDT;EQIN;EQ-N;0.005;4.75;SUR;15.01.2020;71086000;RU0009098131;TKZ Krasny Kotelshchik ap;2-01-30301-E;4.715;4.715;SUR;2;3;20.01.2020
KROT;TQBR;КрасОкт-ао;317.5;10;1;A;Т+: Акции и ДР - безадрес.;1;КрасныйОктябрь ПАО - ао;;FNDT;EQIN;EQ-N;0.5;318;SUR;15.01.2020;9217583;RU0008913850;KrasnyiOctyabr;1-02-00060-A;317;317;SUR;1;3;20.01.2020
KROTP;TQBR;КрасОкт-1п;250.5;10;1;A;Т+: Акции и ДР - безадрес.;1;КрасныйОктябрь-1п;;FNDT;EQIN;EQ-N;0.5;251;SUR;15.01.2020;1474549;RU0008913868;KrasnyiOctabr-1(pr);2-01-00060-A;251;251;SUR;2;3;20.01.2020
KRSB;TQBR;Красэсб ао;5.25;1000;0.02;A;Т+: Акции и ДР - безадрес.;2;Красноярскэнергосбыт ао;;FNDT;EQIN;EQ-N;0.01;5.18;SUR;15.01.2020;596039612;RU000A0HMLY1;Krashojarskenergosbyt;1-01-55147-E;5.25;5.25;SUR;1;3;20.01.2020
KRSBP;TQBR;Красэсб ап;5.28;1000;0.02;A;Т+: Акции и ДР - безадрес.;2;Красноярскэнергосбыт ап;;FNDT;EQIN;EQ-N;0.02;5.12;SUR;15.01.2020;168993328;RU000A0HMLZ8;Krashojarskenergosbyt pref.;2-01-55147-E;5.28;5.28;SUR;2;3;20.01.2020
KSGR;TQBR;Кокс ао;;10;0.1;N;Т+: Акции и ДР - безадрес.;2;Кокс ПАО ао;;FNDT;EQIN;EQ-N;0.01;;SUR;15.01.2020;330046400;RU000A0ERNT3;Koks ao;1-03-10799-F;;;SUR;1;3;20.01.2020
KTSB;TQBR;КСБ ао;0.602;10000;0.04;A;Т+: Акции и ДР - безадрес.;3;Костромск.сбыт.комп ПАО;;FNDT;EQIN;EQ-N;0.002;0.616;SUR;15.01.2020;868998400;RU000A0D8LW9;KSB;1-01-55051-E;0.602;0.602;SUR;1;3;20.01.2020
KTSBP;TQBR;КСБ ап;0.2545;10000;0.04;A;Т+: Акции и ДР - безадрес.;4;Костромск.сбыт.комп ПАО;;FNDT;EQIN;EQ-N;0.0005;0.2525;SUR;15.01.2020;136333440;RU000A0D8PA6;KSB ap;2-01-55051-E;0.2545;0.2545;SUR;2;3;20.01.2020
KUBE;TQBR;Кубанэнр;68.2;10;100;A;Т+: Акции и ДР - безадрес.;1;Кубаньэнерго ПАО;;FNDT;EQIN;EQ-N;0.1;66.5;SUR;15.01.2020;334657837;RU0009046767;KubanEnrg;1-02-00063-A;68.2;68.2;SUR;1;3;20.01.2020
KUNF;TQBR;КУЗОЦМ ао;;100;1;A;Т+: Акции и ДР - безадрес.;3;Каменск-Уральский завод ОАО ао;;FNDT;EQIN;EQ-N;0.001;;SUR;15.01.2020;50326222;RU000A0JPGE2;KUZOCM ao;1-01-32223-D;;;SUR;1;3;20.01.2020
KUZB;TQBR;КузнецкийБ;0.0203;10000;0.01;A;Т+: Акции и ДР - безадрес.;5;"Банк ""Кузнецкий"" ПАО ао";;FNDT;EQIN;EQ-N;0.00001;0.02041;SUR;15.01.2020;22503490875;RU000A0JSQ66;"Bank ""Kuzneckiy""";10100609B;0.0203;0.0203;SUR;1;3;20.01.2020
KZMS;TQBR;КЗМС ао;226;10;10;A;Т+: Акции и ДР - безадрес.;0;КЗМС ПАО;;FNDT;EQIN;EQ-N;1;226;SUR;15.01.2020;884760;RU000A0JNHK2;KZMS 01;1-01-30792-D;226;226;SUR;1;3;20.01.2020
KZOS;TQBR;ОргСинт ао;115;10;1;A;Т+: Акции и ДР - безадрес.;1;"ПАО ""Органический синтез"" ао";;FNDT;EQIN;EQ-N;0.1;115.3;SUR;15.01.2020;1785114000;RU0009089825;PAO Organicheskiy Sintez ao;1-02-55245-D;115;115;SUR;1;3;20.01.2020
KZOSP;TQBR;ОргСинт ап;15.37;10;1;A;Т+: Акции и ДР - безадрес.;2;"ПАО ""Органический синтез"" ап";;FNDT;EQIN;EQ-N;0.01;15.79;SUR;15.01.2020;119596000;RU0006753456;PAO Organicheskiy Sintez ap;2-02-55245-D;15.37;15.37;SUR;2;3;20.01.2020
LIFE;TQBR;iФармсинтз;4.89;100;5;A;Т+: Акции и ДР - безадрес.;3;Фармсинтез ПАО ао;;FNDT;EQIN;EQ-N;0.005;5.085;SUR;15.01.2020;301010754;RU000A0JR514;Farmsintez ao;1-02-09669-J;4.89;4.89;SUR;1;3;20.01.2020
LKOH;TQBR;ЛУКОЙЛ;6552.5;1;0;A;Т+: Акции и ДР - безадрес.;1;НК ЛУКОЙЛ (ПАО) - ао;;FNDT;EQIN;EQ-N;0.5;6536;SUR;15.01.2020;715000000;RU0009024277;LUKOIL;1-01-00077-A;6552.5;6552.5;SUR;1;1;20.01.2020
LNTA;TQBR;Лента др;194;1;0;A;Т+: Акции и ДР - безадрес.;1;Лента Лтд.  др;;FNDT;EQIN;EQ-N;0.1;194;SUR;15.01.2020;0;US52634T2006;Lenta ltd dr;;194;194;SUR;D;1;20.01.2020
LNZL;TQBR;Лензолото;7950;1;1;A;Т+: Акции и ДР - безадрес.;0;Лензолото ПАО ао;;FNDT;EQIN;EQ-N;10;8010;SUR;15.01.2020;1140300;RU000A0JP1N2;Lenzoloto;1-02-40433-N;7950;7950;SUR;1;3;20.01.2020
LNZLP;TQBR;Лензол. ап;3295;1;1;A;Т+: Акции и ДР - безадрес.;0;Лензолото ПАО ап;;FNDT;EQIN;EQ-N;5;3330;SUR;15.01.2020;347700;RU000A0JP1P7;Lenzoloto pref.;2-02-40433-N;3295;3295;SUR;2;3;20.01.2020
LPSB;TQBR;ЛЭСК ао;6.85;100;0.22;A;Т+: Акции и ДР - безадрес.;2;Липецкая энергосбыт.ком.ОАО ао;;FNDT;EQIN;EQ-N;0.05;7.05;SUR;15.01.2020;155521950;RU000A0D8MR7;LESK ao;1-01-65097-D;6.85;6.85;SUR;1;3;20.01.2020
LSNG;TQBR;Ленэнерго;7.01;100;1;A;Т+: Акции и ДР - безадрес.;2;Ленэнерго(ПАО)-ао;;FNDT;EQIN;EQ-N;0.01;7;SUR;15.01.2020;8523785320;RU0009034490;LenEnrg;1-01-00073-A;7.01;7.01;SUR;1;3;20.01.2020
LSNGP;TQBR;Ленэнерг-п;138.15;10;1;A;Т+: Акции и ДР - безадрес.;2;Ленэнерго(ПАО)-ап;;FNDT;EQIN;EQ-N;0.05;135.85;SUR;15.01.2020;93264311;RU0009092134;LenEnrg (pref);2-01-00073-A;138.15;138.15;SUR;2;3;20.01.2020
LSRG;TQBR;ЛСР ао;812.2;1;0.3;A;Т+: Акции и ДР - безадрес.;1;Группа ЛСР ПАО ао;;FNDT;EQIN;EQ-N;0.2;820;SUR;15.01.2020;103030215;RU000A0JPFP0;LSR;1-01-55234-E;812.2;812.2;SUR;1;1;20.01.2020
LVHK;TQBR;Левенгук;6.47;100;10;A;Т+: Акции и ДР - безадрес.;2;Левенгук ОАО ао;;FNDT;EQIN;EQ-N;0.01;6.48;SUR;15.01.2020;52940000;RU000A0JT7Y2;Levenguk ao;1-01-04329-D;6.47;6.47;SUR;1;3;20.01.2020
MAGE;TQBR;МагадЭн ао;4.86;1000;1;A;Т+: Акции и ДР - безадрес.;2;Магаданэнерго ПАО ао;;FNDT;EQIN;EQ-N;0.01;4.8;SUR;15.01.2020;463838268;RU0006758919;Magadanenergo ao;1-01-00254-A;4.86;4.86;SUR;1;3;20.01.2020
MAGEP;TQBR;МагадЭн ап;2.95;1000;1;A;Т+: Акции и ДР - безадрес.;3;Магаданэнерго ПАО ап;;FNDT;EQIN;EQ-N;0.005;2.945;SUR;15.01.2020;145673254;RU0006758893;Magadanenergo ap;2-01-00254-A;2.95;2.95;SUR;2;3;20.01.2020
MAGN;TQBR;ММК;44.4;100;1;A;Т+: Акции и ДР - безадрес.;3;Магнитогорск.мет.комб ПАО ао;;FNDT;EQIN;EQ-N;0.005;44.23;SUR;15.01.2020;11174330000;RU0009084396;MMK;1-03-00078-A;44.4;44.4;SUR;1;1;20.01.2020
MERF;TQBR;МЕРИДИАН;7.5;100;0.1;A;Т+: Акции и ДР - безадрес.;2;МЕРИДИАН ПАО ао;;FNDT;EQIN;EQ-N;0.01;10.49;SUR;15.01.2020;523220826;RU000A0JQ128;Meridian ao;1-01-00407-A;7.5;7.5;SUR;1;3;20.01.2020
MFGS;TQBR;Мегион-ао;391;10;25;A;Т+: Акции и ДР - безадрес.;1;"ао ""Славнефть-Мегионнефтегаз""";;FNDT;EQIN;EQ-N;0.5;392;SUR;15.01.2020;99474705;RU0009011126;Megion;1-03-00149-A;391;391;SUR;1;3;20.01.2020
MFGSP;TQBR;Мегион-ап;346.5;10;25;A;Т+: Акции и ДР - безадрес.;1;ап Мегионнефтегаз;;FNDT;EQIN;EQ-N;0.5;350.5;SUR;15.01.2020;33056875;RU0009011134;Megion (pref);2-03-00149-A;348;348;SUR;2;3;20.01.2020
MFON;TQBR;МегаФон ао;650.6;1;0.1;N;Т+: Акции и ДР - безадрес.;1;МегаФон ПАО ао;;FNDT;EQIN;EQ-N;0.2;659.4;SUR;15.01.2020;620000000;RU000A0JS942;MegaFon ao;1-03-00822-J;650.6;650.6;SUR;1;3;20.01.2020
MGNT;TQBR;Магнит ао;3440;1;0;A;Т+: Акции и ДР - безадрес.;1;Магнит ПАО ао;;FNDT;EQIN;EQ-N;0.5;3428.5;SUR;15.01.2020;101911355;RU000A0JKQU8;Magnit;1-01-60525-P;3440;3440;SUR;1;1;20.01.2020
MGNZ;TQBR;СМЗ-ао;4490;1;0;A;Т+: Акции и ДР - безадрес.;0;Соликамский магн.завод(ОАО)ао;;FNDT;EQIN;EQ-N;10;4440;SUR;15.01.2020;398272;RU0009100911;SMZ;1-01-00283-A;4490;4490;SUR;1;3;20.01.2020
MGTS;TQBR;МГТС-5ао;2000;1;40;A;Т+: Акции и ДР - безадрес.;0;"ПАО ""МГТС"" ао (5 в)";;FNDT;EQIN;EQ-N;5;2020;SUR;15.01.2020;79708751;RU0009036461;MGTS-5;1-05-00083-A;2005;2005;SUR;1;3;20.01.2020
MGTSP;TQBR;МГТС-4ап;2030;1;40;A;Т+: Акции и ДР - безадрес.;0;"ПАО ""МГТС"" ап (4 в)";;FNDT;EQIN;EQ-N;2;2022;SUR;15.01.2020;15514042;RU0009036479;MGTS-4;2-04-00083-A;2030;2030;SUR;2;3;20.01.2020
MISB;TQBR;ТНСэнМарЭл;10.9;100;0.1;A;Т+: Акции и ДР - безадрес.;1;ТНС энерго Марий Эл ПАО ао;;FNDT;EQIN;EQ-N;0.1;12.3;SUR;15.01.2020;121847780;RU000A0D8K33;TNS energo Mariy El ao;1-01-50086-A;10.8;10.8;SUR;1;3;20.01.2020
MISBP;TQBR;ТНСэМаЭл-п;10;100;0.1;A;Т+: Акции и ДР - безадрес.;1;ТНС энерго Марий Эл ПАО ап;;FNDT;EQIN;EQ-N;0.2;10.6;SUR;15.01.2020;10652220;RU000A0D8K41;TNS energo Mariy El (pref);2-01-50086-A;9.8;9.8;SUR;2;3;20.01.2020
MOBB;TQBR;МосОблБанк;2.704;100;1;A;Т+: Акции и ДР - безадрес.;3;Московский областной банк ПАО;;FNDT;EQIN;EQ-N;0.002;2.752;SUR;15.01.2020;4507984112;RU000A0JS7V9;Moskovskii oblastnoi bank PAO;10101751B;2.704;2.704;SUR;1;3;20.01.2020
MOEX;TQBR;МосБиржа;115.88;10;1;A;Т+: Акции и ДР - безадрес.;2;ПАО Московская Биржа;;FNDT;EQIN;EQ-N;0.01;114.92;SUR;15.01.2020;2276401458;RU000A0JR4A1;MoscowExchange;1-05-08443-H;115.88;115.88;SUR;1;1;20.01.2020
MORI;TQBR;Морион ао;4.31;1000;1;A;Т+: Акции и ДР - безадрес.;2;Морион ПАО ао;;FNDT;EQIN;EQ-N;0.01;4.18;SUR;15.01.2020;164640000;RU0009092431;Morion ao;1-01-30493-D;4.31;4.31;SUR;1;3;20.01.2020
MRKC;TQBR;МРСК Центр;0.3008;1000;0.1;A;Т+: Акции и ДР - безадрес.;4;МРСК Центра ПАО ао;;FNDT;EQIN;EQ-N;0.0002;0.302;SUR;15.01.2020;42217941468;RU000A0JPPL8;MRSK Centra;1-01-10214-A;0.3008;0.3008;SUR;1;2;20.01.2020
MRKK;TQBR;МРСК СК;28.5;10;1;A;Т+: Акции и ДР - безадрес.;2;МРСК Сев. Кавказа ао;;FNDT;EQIN;EQ-N;0.02;28.76;SUR;15.01.2020;889313596;RU000A0JPPQ7;MRSK Severnogo Kavkaza ao;1-01-34747-E;28.5;28.5;SUR;1;3;20.01.2020
MRKP;TQBR;МРСК ЦП;0.2339;10000;0.1;A;Т+: Акции и ДР - безадрес.;4;МРСК Центр. и Приволж. ао;;FNDT;EQIN;EQ-N;0.0001;0.2339;SUR;15.01.2020;1.12698E+11;RU000A0JPN96;MRSK CiP;1-01-12665-E;0.2339;0.2339;SUR;1;2;20.01.2020
MRKS;TQBR;МРСКСиб;0.2705;10000;0.1;A;Т+: Акции и ДР - безадрес.;4;МРСК Сибири ао;;FNDT;EQIN;EQ-N;0.0005;0.2715;SUR;15.01.2020;94815163249;RU000A0JPPF0;MRSK Sibiri;1-01-12044-F;0.2705;0.2705;SUR;1;2;20.01.2020
MRKU;TQBR;МРСК Ур;0.169;10000;0.1;A;Т+: Акции и ДР - безадрес.;4;МРСК Урала (ОАО) ао;;FNDT;EQIN;EQ-N;0.0002;0.1698;SUR;15.01.2020;87430485711;RU000A0JPPT1;MRSK Urala ao;1-01-32501-D;0.169;0.169;SUR;1;2;20.01.2020
MRKV;TQBR;МРСКВол;0.0854;10000;0.1;A;Т+: Акции и ДР - безадрес.;5;МРСК Волги ао;;FNDT;EQIN;EQ-N;0.00005;0.08575;SUR;15.01.2020;1.88308E+11;RU000A0JPPN4;MRSK Volgi;1-01-04247-E;0.0854;0.0854;SUR;1;2;20.01.2020
MRKY;TQBR;МРСКЮга ао;0.0609;10000;0.1;A;Т+: Акции и ДР - безадрес.;5;МРСК Юга ао;;FNDT;EQIN;EQ-N;0.00005;0.061;SUR;15.01.2020;82039595425;RU000A0JPPG8;MRSK Yuga;1-01-34956-E;0.0609;0.0609;SUR;1;3;20.01.2020
MRKZ;TQBR;МРСК СЗ;0.053;10000;0.1;A;Т+: Акции и ДР - безадрес.;5;МРСК Северо-Запада ао;;FNDT;EQIN;EQ-N;0.00005;0.0532;SUR;15.01.2020;95785923138;RU000A0JPPB9;MRSK Severo-Zapada;1-01-03347-D;0.053;0.053;SUR;1;2;20.01.2020
MRSB;TQBR;МордЭнСб;0.365;10000;0.014;A;Т+: Акции и ДР - безадрес.;3;Мордовск.энергсбыт.комп.ПАО ао;;FNDT;EQIN;EQ-N;0.001;0.361;SUR;15.01.2020;1345037710;RU000A0D9AJ7;Mordovskaya EnergoSbyt Comp.;1-01-55055-E;0.365;0.365;SUR;1;3;20.01.2020
MSNG;TQBR;#ИМЯ?;2.3495;1000;1;A;Т+: Акции и ДР - безадрес.;4;МосЭнерго акции обыкн.;;FNDT;EQIN;EQ-N;0.0005;2.3405;SUR;15.01.2020;39749359700;RU0008958863;MosEnrg;1-01-00085-A;2.3495;2.3495;SUR;1;1;20.01.2020
MSRS;TQBR;МОЭСК;1.215;1000;0.5;A;Т+: Акции и ДР - безадрес.;4;"ПАО ""МОЭСК"" ао";;FNDT;EQIN;EQ-N;0.0005;1.216;SUR;15.01.2020;48707091574;RU000A0ET7Y7;MOESK;1-01-65116-D;1.215;1.215;SUR;1;2;20.01.2020
MSTT;TQBR;Мостотрест;115.5;10;0.14;A;Т+: Акции и ДР - безадрес.;2;"ПАО ""МОСТОТРЕСТ"" ао";;FNDT;EQIN;EQ-N;0.05;116.6;SUR;15.01.2020;282215500;RU0009177331;Mostotrest;1-03-02472-A;115.5;115.5;SUR;1;2;20.01.2020
MTLR;TQBR;Мечел ао;92.17;1;10;A;Т+: Акции и ДР - безадрес.;2;Мечел ПАО ао;;FNDT;EQIN;EQ-N;0.01;92.31;SUR;15.01.2020;416270745;RU000A0DKXV5;Mechel;1-01-55005-E;92.17;92.17;SUR;1;1;20.01.2020
MTLRP;TQBR;Мечел ап;104;10;10;A;Т+: Акции и ДР - безадрес.;2;Мечел ПАО ап;;FNDT;EQIN;EQ-N;0.05;104.8;SUR;15.01.2020;138756915;RU000A0JPV70;Mechel pref.;2-01-55005-E;104;104;SUR;2;1;20.01.2020
MTSS;TQBR;МТС-ао;318.65;10;0.1;A;Т+: Акции и ДР - безадрес.;2;Мобильные ТелеСистемы ПАО ао;;FNDT;EQIN;EQ-N;0.05;317.8;SUR;15.01.2020;1998381575;RU0007775219;MTS;1-01-04715-A;318.65;318.65;SUR;1;1;20.01.2020
MVID;TQBR;М.видео;509;10;10;A;Т+: Акции и ДР - безадрес.;1;М.видео ПАО ао;;FNDT;EQIN;EQ-N;0.1;510.2;SUR;15.01.2020;179768227;RU000A0JPGA0;M.video;1-02-11700-A;509;509;SUR;1;1;20.01.2020
NAUK;TQBR;iНПОНаука;215;10;0.2;A;Т+: Акции и ДР - безадрес.;1;НПО Наука ао;;FNDT;EQIN;EQ-N;0.2;220.8;SUR;15.01.2020;11789500;RU000A0JRPX9;NPO Nauka ao;1-01-04440-A;215;215;SUR;1;3;20.01.2020
NFAZ;TQBR;Нефтекамск;131.6;10;1;A;Т+: Акции и ДР - безадрес.;1;Нефтекамский автозавод ПАО ао;;FNDT;EQIN;EQ-N;0.2;132;SUR;15.01.2020;8038896;RU0009115604;Neftekamskiy avtozavod PAO ao;1-01-30520-D;131.6;131.6;SUR;1;3;20.01.2020
NKHP;TQBR;НКХП ао;253;10;1;A;Т+: Акции и ДР - безадрес.;1;НКХП ПАО ао;;FNDT;EQIN;EQ-N;0.5;253;SUR;15.01.2020;67597000;RU000A0BLWD7;NKHP ao;1-03-35684-E;253;253;SUR;1;3;20.01.2020
NKNC;TQBR;НКНХ ао;116.2;10;1;A;Т+: Акции и ДР - безадрес.;2;Нижнекамскнефтехим ПАО ао;;FNDT;EQIN;EQ-N;0.05;115.75;SUR;15.01.2020;1611256000;RU0009100507;Niznekamskneftekhim ao;1-02-00096-A;116.2;116.2;SUR;1;3;20.01.2020
NKNCP;TQBR;НКНХ ап;93.98;100;1;A;Т+: Акции и ДР - безадрес.;2;Нижнекамскнефтехим ПАО ап;;FNDT;EQIN;EQ-N;0.02;94.46;SUR;15.01.2020;218983750;RU0006765096;Niznekamskneftekhim (pref);2-02-00096-A;93.98;93.98;SUR;2;3;20.01.2020
NKSH;TQBR;Нижкамшина;29.32;100;1;A;Т+: Акции и ДР - безадрес.;2;Нижнекамскшина ПАО ао;;FNDT;EQIN;EQ-N;0.02;31.02;SUR;15.01.2020;63731171;RU0009100515;Nizhnekamskshina ao;1-02-55032-D;29.32;29.32;SUR;1;3;20.01.2020
NLMK;TQBR;НЛМК ао;146.5;10;1;A;Т+: Акции и ДР - безадрес.;2;"ПАО ""НЛМК"" ао";;FNDT;EQIN;EQ-N;0.02;146.5;SUR;15.01.2020;5993227240;RU0009046452;NLMK ao;1-01-00102-A;146.5;146.5;SUR;1;1;20.01.2020
NMTP;TQBR;НМТП ао;9.45;100;0.01;A;Т+: Акции и ДР - безадрес.;3;НМТП (ПАО) ао;;FNDT;EQIN;EQ-N;0.005;9.495;SUR;15.01.2020;19259815400;RU0009084446;NMTP;1-01-30251-E;9.45;9.45;SUR;1;3;20.01.2020
NNSB;TQBR;ТНСэнНН ао;1440;1;12;A;Т+: Акции и ДР - безадрес.;0;ТНС энерго Нижний Новг.ПАО ао;;FNDT;EQIN;EQ-N;5;1410;SUR;15.01.2020;3919400;RU000A0ET5A1;TNS energo Nizhniy-Novgorod ao;1-01-55072-E;1440;1440;SUR;1;3;20.01.2020
NNSBP;TQBR;ТНСэнНН ап;578;1;12;A;Т+: Акции и ДР - безадрес.;0;ТНС энерго Нижний Новг.ПАО ап;;FNDT;EQIN;EQ-N;1;567;SUR;15.01.2020;1063512;RU000A0ET5B9;TNS energo Nizhniy Novg. pref;2-01-55072-E;578;578;SUR;2;3;20.01.2020
NPOF;TQBR;Физика ао;11850;1;120;A;Т+: Акции и ДР - безадрес.;0;"ОАО ""НПО Физика"" ао";;FNDT;EQIN;EQ-N;50;11850;SUR;15.01.2020;90262;RU000A0JQ5X1;NPO Fizika ao;1-02-05481-A;11850;11850;SUR;1;3;20.01.2020
NSVZ;TQBR;НаукаСвяз;248;10;1;A;Т+: Акции и ДР - безадрес.;1;Наука-Связь ПАО ао;;FNDT;EQIN;EQ-N;0.5;248;SUR;15.01.2020;1201562;RU000A0JQLB6;Nauka-Svyaz ao;1-01-12689-A;249.5;249.5;SUR;1;3;20.01.2020
NVTK;TQBR;Новатэк ао;1260;1;0.1;A;Т+: Акции и ДР - безадрес.;1;"ПАО ""НОВАТЭК"" ао";;FNDT;EQIN;EQ-N;0.2;1262.4;SUR;15.01.2020;3036306000;RU000A0DKVS5;NOVATEK;1-02-00268-E;1260;1260;SUR;1;1;20.01.2020
OBUV;TQBR;ОР ао;44.45;10;100;A;Т+: Акции и ДР - безадрес.;2;"ПАО ""ОР"" ао";;FNDT;EQIN;EQ-N;0.05;44.45;SUR;15.01.2020;113056000;RU000A0JXKG3;OR;1-01-50161-A;44.45;44.45;SUR;1;2;20.01.2020
OGKB;TQBR;ОГК-2 ао;0.576;1000;0.3627;A;Т+: Акции и ДР - безадрес.;4;ОГК-2 ПАО ао;;FNDT;EQIN;EQ-N;0.0001;0.5788;SUR;15.01.2020;1.10441E+11;RU000A0JNG55;OGK-2;1-02-65105-D;0.576;0.576;SUR;1;2;20.01.2020
OMZZP;TQBR;ОМЗ-ап;4195;1;0;A;Т+: Акции и ДР - безадрес.;0;"ап""Объединён.  маш. заводы""";;FNDT;EQIN;EQ-N;5;4200;SUR;15.01.2020;2750000;RU0009090559;OMZ (pref);2-01-30174-D;4195;4195;SUR;2;3;20.01.2020
OPIN;TQBR;ИНГРАД ао;788;1;1000;A;Т+: Акции и ДР - безадрес.;0;ИНГРАД ПАО ао;;FNDT;EQIN;EQ-N;1;792;SUR;15.01.2020;41220793;RU000A0DJ9B4;INGRAD;1-01-50020-A;788;788;SUR;1;3;20.01.2020
PAZA;TQBR;ПавлАвт ао;10000;1;415;A;Т+: Акции и ДР - безадрес.;0;Павловский автобус ПАО ао;;FNDT;EQIN;EQ-N;10;9920;SUR;15.01.2020;1567904;RU0009083240;Pavlovo Bus ao;1-02-00261-A;10000;10000;SUR;1;3;20.01.2020
PHOR;TQBR;ФосАгро ао;2475;1;3;A;Т+: Акции и ДР - безадрес.;0;ФосАгро ПАО ао;;FNDT;EQIN;EQ-N;1;2475;SUR;15.01.2020;129500000;RU000A0JRKT8;PhosAgro ao;1-02-06556-A;2475;2475;SUR;1;1;20.01.2020
PIKK;TQBR;ПИК ао;406.6;10;62.5;A;Т+: Акции и ДР - безадрес.;1;Группа компания ПИК ПАО ао;;FNDT;EQIN;EQ-N;0.1;409.3;SUR;15.01.2020;660497344;RU000A0JP7J7;PIK;1-02-01556-A;406.6;406.6;SUR;1;1;20.01.2020
PLZL;TQBR;Полюс;7421.5;1;1;A;Т+: Акции и ДР - безадрес.;1;Полюс ПАО ао;;FNDT;EQIN;EQ-N;0.5;7395.5;SUR;15.01.2020;133561119;RU000A0JNAA8;Polus;1-01-55192-E;7421.5;7421.5;SUR;1;1;20.01.2020
PMSB;TQBR;ПермьЭнСб;104;10;3.3;A;Т+: Акции и ДР - безадрес.;1;Пермэнергосбыт ПАО ао;;FNDT;EQIN;EQ-N;0.1;103.9;SUR;15.01.2020;36210960;RU000A0ET123;Perm' EnergoSbyt;1-01-55084-E;104;104;SUR;1;3;20.01.2020
PMSBP;TQBR;ПермьЭнС-п;98;10;3.3;A;Т+: Акции и ДР - безадрес.;1;Пермэнергосбыт ПАО ап;;FNDT;EQIN;EQ-N;0.2;98.2;SUR;15.01.2020;11353500;RU000A0ET156;Perm' EnergoSbyt (pref);2-01-55084-E;98;98;SUR;2;3;20.01.2020
POLY;TQBR;Polymetal;1001.2;1;0;A;Т+: Акции и ДР - безадрес.;1;Polymetal International plc;;FNDT;EQIN;EQ-N;0.1;999.4;GBP;15.01.2020;470188201;JE00B6T5S470;Polymetal International plc;;1001.2;1001.2;SUR;1;1;20.01.2020
PRMB;TQBR;Приморье;16400;1;1000;A;Т+: Акции и ДР - безадрес.;0;"АКБ ""Приморье"" ао";;FNDT;EQIN;EQ-N;200;16200;SUR;15.01.2020;250000;RU000A0DPNQ5;AKB Primorye;10103001B;16400;16400;SUR;1;3;20.01.2020
PRTK;TQBR;ПРОТЕК ао;97.9;10;0;A;Т+: Акции и ДР - безадрес.;1;ПРОТЕК (ПАО) ао;;FNDT;EQIN;EQ-N;0.1;98;SUR;15.01.2020;527142857;RU000A0JQU47;PROTEK ao;1-02-07615-A;97.8;97.8;SUR;1;3;20.01.2020
QIWI;TQBR;iQIWI;1206;1;0;A;Т+: Акции и ДР - безадрес.;1;QIWI PLC;;FNDT;EQIN;EQ-N;0.5;1213.5;SUR;15.01.2020;0;US74735M1080;QIWI PLC;;1206;1206;SUR;D;1;20.01.2020
RASP;TQBR;Распадская;112.5;10;0;A;Т+: Акции и ДР - безадрес.;2;ПАО Распадская ао;;FNDT;EQIN;EQ-N;0.02;113.32;SUR;15.01.2020;703191442;RU000A0B90N8;Raspadskaya;1-04-21725-N;112.5;112.5;SUR;1;2;20.01.2020
RAVN;TQBR;Raven;40;100;0;A;Т+: Акции и ДР - безадрес.;1;Raven Property Group Limited;;FNDT;EQIN;EQ-N;0.2;40;GBP;15.01.2020;489746016;GB00B0D5V538;Raven Property Group Limited;;40;40;SUR;1;3;20.01.2020
RBCM;TQBR;РБК ао;3.698;100;0.001;A;Т+: Акции и ДР - безадрес.;3;РБК ПАО ао;;FNDT;EQIN;EQ-N;0.002;3.712;SUR;15.01.2020;365631010;RU000A0JR6A6;RBK ao;1-02-56413-H;3.698;3.698;SUR;1;3;20.01.2020
RDRB;TQBR;РДБанк ао;380;10;124;A;Т+: Акции и ДР - безадрес.;0;РоссийскийДорож Банк ПАО ао;;FNDT;EQIN;EQ-N;5;380;SUR;15.01.2020;10353948;RU000A0JU6Q7;RosDor Bank ao;10201573B;380;380;SUR;1;3;20.01.2020
RGSS;TQBR;РГС СК ао;0.1724;1000;0.04;A;Т+: Акции и ДР - безадрес.;4;Росгосстрах СК ПАО ао;;FNDT;EQIN;EQ-N;0.0002;0.1742;SUR;15.01.2020;4.89504E+11;RU0008010855;Rosgosstrakh ao;1-03-10003-Z;0.1724;0.1724;SUR;1;3;20.01.2020
RKKE;TQBR;ЭнергияРКК;5320;1;1000;A;Т+: Акции и ДР - безадрес.;0;РКК Энергия им.С.П.Королева ао;;FNDT;EQIN;EQ-N;10;5390;SUR;15.01.2020;1179836;RU0009095939;RKK Energia;1-03-01091-A;5370;5370;SUR;1;3;20.01.2020
RLMN;TQBR;Роллман;19.6;10;100;A;Т+: Акции и ДР - безадрес.;2;Группа Компаний Роллман ПАО ао;;FNDT;EQIN;EQ-N;0.05;19.8;SUR;15.01.2020;4700000;RU000A0JTAP3;Rollman GK ao;1-01-05257-D;19.6;19.6;SUR;1;3;20.01.2020
RLMNP;TQBR;Роллман-п;19.86;10;100;A;Т+: Акции и ДР - безадрес.;2;Группа Компаний Роллман ПАО ап;;FNDT;EQIN;EQ-N;0.02;19.86;SUR;15.01.2020;1560000;RU000A0JU229;Rollman GK ap;2-01-05257-D;19.86;19.86;SUR;2;3;20.01.2020
RNFT;TQBR;РуссНфт ао;543.4;1;0.5;A;Т+: Акции и ДР - безадрес.;1;РуссНефть НК ПАО ао;;FNDT;EQIN;EQ-N;0.2;545.8;SUR;15.01.2020;294120000;RU000A0JSE60;RussNeft NK;1-02-39134-H;543.4;543.4;SUR;1;1;20.01.2020
ROLO;TQBR;Русолово;3.89;1000;1;A;Т+: Акции и ДР - безадрес.;3;Русолово ПАО ао;;FNDT;EQIN;EQ-N;0.002;3.926;SUR;15.01.2020;3000100000;RU000A0JU1B0;Rusolovo PAO ao;1-01-15065-A;3.89;3.89;SUR;1;3;20.01.2020
ROSB;TQBR;Росбанк ао;79;10;10;A;Т+: Акции и ДР - безадрес.;1;РОСБАНК ПАО ао;;FNDT;EQIN;EQ-N;0.2;79.2;SUR;15.01.2020;1551401853;RU000A0HHK26;ROSBANK;10102272B;79;79;SUR;1;3;20.01.2020
ROSN;TQBR;Роснефть;474.5;10;0.01;A;Т+: Акции и ДР - безадрес.;2;ПАО НК Роснефть;;FNDT;EQIN;EQ-N;0.05;474;SUR;15.01.2020;10598177817;RU000A0J2Q06;Rosneft;1-02-00122-A;474.5;474.5;SUR;1;1;20.01.2020
ROST;TQBR;РОСИНТЕРао;64.6;10;169.7;A;Т+: Акции и ДР - безадрес.;1;РОСИНТЕР РЕСТОРАНТС (ПАО);;FNDT;EQIN;EQ-N;0.2;65.2;SUR;15.01.2020;16305334;RU000A0JP922;ROSINTER RESTAURANTS ao;1-02-55033-E;64.6;64.6;SUR;1;3;20.01.2020
RSTI;TQBR;Россети ао;1.4638;1000;1;A;Т+: Акции и ДР - безадрес.;4;Российские сети ПАО ао;;FNDT;EQIN;EQ-N;0.0001;1.4593;SUR;15.01.2020;1.98828E+11;RU000A0JPVJ0;Rosseti ao;1-01-55385-E;1.4638;1.4638;SUR;1;1;20.01.2020
RSTIP;TQBR;Россети ап;1.75;1000;1;A;Т+: Акции и ДР - безадрес.;3;Российские сети ПАО ап;;FNDT;EQIN;EQ-N;0.001;1.755;SUR;15.01.2020;2075149384;RU000A0JPVK8;Rosseti ap;2-01-55385-E;1.75;1.75;SUR;2;1;20.01.2020
RTGZ;TQBR;ГазпРнД ао;20300;1;2000;A;Т+: Акции и ДР - безадрес.;0;Газпром газорасп Р-н-Д ПАО ао;;FNDT;EQIN;EQ-N;50;19600;SUR;15.01.2020;120246;RU000A0JPG04;Gazprom gazorasp. Rostov ao;1-02-30742-E;20300;20300;SUR;1;3;20.01.2020
RTKM;TQBR;Ростел -ао;86;10;0;A;Т+: Акции и ДР - безадрес.;2;Ростелеком (ПАО) ао.;;FNDT;EQIN;EQ-N;0.01;85.3;SUR;15.01.2020;2574914954;RU0008943394;Rostelecom;1-01-00124-A;86;86;SUR;1;1;20.01.2020
RTKMP;TQBR;Ростел -ап;79.95;10;0;A;Т+: Акции и ДР - безадрес.;2;Ростелеком (ПАО) ап.;;FNDT;EQIN;EQ-N;0.05;78.55;SUR;15.01.2020;209565147;RU0009046700;Rostelecom- (pref);2-01-00124-A;79.95;79.95;SUR;2;1;20.01.2020
RTSB;TQBR;ТНСэнРст;0.35;10000;0.02;A;Т+: Акции и ДР - безадрес.;3;ТНС энерго Ростов. ПАО ао;;FNDT;EQIN;EQ-N;0.005;0.345;SUR;15.01.2020;8128764676;RU000A0D8PB4;TNS energo Rostov-na-Dony ao;1-01-50095-A;0.35;0.35;SUR;1;3;20.01.2020
RTSBP;TQBR;ТНСэнРст-п;0.238;10000;0.02;A;Т+: Акции и ДР - безадрес.;3;ТНС энерго Ростов. ПАО ап;;FNDT;EQIN;EQ-N;0.001;0.236;SUR;15.01.2020;925737256;RU000A0D8PC2;TNS energo Rostov-na-Dony(prf);2-01-50095-A;0.238;0.238;SUR;2;3;20.01.2020
RUAL;TQBR;RUSAL plc;32.8;10;0.01;A;Т+: Акции и ДР - безадрес.;3;United Company RUSAL Plc;;FNDT;EQIN;EQ-N;0.005;32.88;USD;15.01.2020;15193014862;JE00B5BCW814;United Company RUSAL Plc;;32.8;32.8;SUR;1;1;20.01.2020
RUGR;TQBR;Русгрэйн;5.294;10;1;A;Т+: Акции и ДР - безадрес.;3;Русгрэйн Холдинг ПАО ао;;FNDT;EQIN;EQ-N;0.002;5.272;SUR;15.01.2020;42984000;RU000A0JPNP4;Rusgrain Holding ao;1-02-50043-H;5.294;5.294;SUR;1;3;20.01.2020
RUSI;TQBR;ИКРУСС-ИНВ;31.4;100;1;A;Т+: Акции и ДР - безадрес.;1;РУСС-ИНВЕСТ ИК ПАО ао;;FNDT;EQIN;EQ-N;0.1;32;SUR;15.01.2020;109000000;RU000A0JQ9W5;RUSS-INVEST IC ao;1-01-00409-A;31.5;31.5;SUR;1;3;20.01.2020
RUSP;TQBR;Русполимет;0.517;10000;0.03;A;Т+: Акции и ДР - безадрес.;4;Русполимет ПАО ао;;FNDT;EQIN;EQ-N;0.0005;0.5235;SUR;15.01.2020;5012985740;RU000A0JNH21;Ruspolimet ao;1-01-55157-E;0.517;0.517;SUR;1;3;20.01.2020
RZSB;TQBR;РязЭнСб;4.89;1000;0.05;A;Т+: Акции и ДР - безадрес.;2;Рязанская энергосб.комп ПАО;;FNDT;EQIN;EQ-N;0.01;4.89;SUR;15.01.2020;206940220;RU000A0D9AF5;"JSC ""Ryazanenergosbyt""";1-01-50092-A;4.89;4.89;SUR;1;3;20.01.2020
SAGO;TQBR;СамарЭн-ао;0.414;10000;0.25;A;Т+: Акции и ДР - безадрес.;3;Самараэнерго (ПАО) - ао;;FNDT;EQIN;EQ-N;0.002;0.426;SUR;15.01.2020;3538928532;RU0009098255;SamaraEnergo ao;1-02-00127-A;0.414;0.414;SUR;1;3;20.01.2020
SAGOP;TQBR;СамарЭн-ап;0.408;10000;0.01;A;Т+: Акции и ДР - безадрес.;3;Самараэнерго (ПАО) - ап;;FNDT;EQIN;EQ-N;0.001;0.413;SUR;15.01.2020;521993080;RU0009084495;SamaraEnergo(pref);2-02-00127-A;0.408;0.408;SUR;2;3;20.01.2020
SARE;TQBR;СаратЭн-ао;0.1244;10000;0.02;A;Т+: Акции и ДР - безадрес.;4;Саратовэнерго(ПАО)-ао;;FNDT;EQIN;EQ-N;0.0002;0.1242;SUR;15.01.2020;4865127996;RU0009100754;SaratovEnergo ao;1-02-00132-A;0.1242;0.1242;SUR;1;3;20.01.2020
SAREP;TQBR;СаратЭн-ап;0.083;10000;0.0211;A;Т+: Акции и ДР - безадрес.;4;Саратовэнерго(ПАО)-ап;;FNDT;EQIN;EQ-N;0.0002;0.0842;SUR;15.01.2020;1493316000;RU0009100762;SaratovEnergo (pref);2-02-00132-A;0.083;0.083;SUR;2;3;20.01.2020
SBER;TQBR;Сбербанк;256.31;10;3;A;Т+: Акции и ДР - безадрес.;2;Сбербанк России ПАО ао;;FNDT;EQIN;EQ-N;0.01;256.51;SUR;15.01.2020;21586948000;RU0009029540;Sberbank;10301481B;256.31;256.31;SUR;1;1;20.01.2020
SBERP;TQBR;Сбербанк-п;230.16;10;3;A;Т+: Акции и ДР - безадрес.;2;Сбербанк России ПАО ап;;FNDT;EQIN;EQ-N;0.01;231.38;SUR;15.01.2020;1000000000;RU0009029557;Sberbank (pref);20301481B;230.16;230.16;SUR;2;1;20.01.2020
SELG;TQBR;Селигдар;13.08;100;1;A;Т+: Акции и ДР - безадрес.;2;"ПАО ""Селигдар""  ао";;FNDT;EQIN;EQ-N;0.01;13;SUR;15.01.2020;842354730;RU000A0JPR50;Seligdar;1-01-32694-F;13.1;13.1;SUR;1;2;20.01.2020
SELGP;TQBR;Селигдар-п;27.55;100;1;A;Т+: Акции и ДР - безадрес.;2;"ПАО ""Селигдар"" ап";;FNDT;EQIN;EQ-N;0.05;27.55;SUR;15.01.2020;150000000;RU000A0JS2J5;Seligdar ap;2-01-32694-F;27.55;27.55;SUR;2;2;20.01.2020
SFIN;TQBR;САФМАР ао;496.8;10;0.7;A;Т+: Акции и ДР - безадрес.;1;САФМАР Фин.Инвестиции ПАО ао;;FNDT;EQIN;EQ-N;0.2;506.2;SUR;15.01.2020;111637791;RU000A0JVW89;SAFMAR Fin.Invest. ao;1-02-56453-P;496.8;496.8;SUR;1;1;20.01.2020
SIBN;TQBR;Газпрнефть;458.65;10;0;A;Т+: Акции и ДР - безадрес.;2;Газпром нефть ПАО ао;;FNDT;EQIN;EQ-N;0.05;458.8;SUR;15.01.2020;4741299639;RU0009062467;Gazprom neft;1-01-00146-A;458.65;458.65;SUR;1;3;20.01.2020
SLEN;TQBR;Сахэнер ао;4.35;100;10;A;Т+: Акции и ДР - безадрес.;3;"ПАО ""Сахалинэнерго"" ао";;FNDT;EQIN;EQ-N;0.005;4.35;SUR;15.01.2020;294169135;RU0009280465;Sakhalinenergo ao;1-03-00272-A;4.35;4.35;SUR;1;3;20.01.2020
SNGS;TQBR;Сургнфгз;53.09;100;1;A;Т+: Акции и ДР - безадрес.;3;Сургутнефтегаз ПАО акции об.;;FNDT;EQIN;EQ-N;0.005;53.42;SUR;15.01.2020;35725994705;RU0008926258;Surgut;1-01-00155-A;53.09;53.09;SUR;1;2;20.01.2020
SNGSP;TQBR;Сургнфгз-п;37.27;100;1;A;Т+: Акции и ДР - безадрес.;3;Сургутнефтегаз ПАО ап;;FNDT;EQIN;EQ-N;0.005;37.155;SUR;15.01.2020;7701998235;RU0009029524;Surgut-pref;2-01-00155-A;37.27;37.27;SUR;2;2;20.01.2020
STSB;TQBR;СтаврЭнСб;0.3615;1000;0.0048;A;Т+: Акции и ДР - безадрес.;4;Ставрополэнергосбыт ПАО ао;;FNDT;EQIN;EQ-N;0.0005;0.361;SUR;15.01.2020;859074636;RU000A0ET1W4;StavropolEnergoSbyt;1-01-50119-A;0.3615;0.3615;SUR;1;3;20.01.2020
STSBP;TQBR;СтаврЭнСбп;0.345;1000;0.0048;A;Т+: Акции и ДР - безадрес.;4;Ставрополэнергосбыт ПАО ап;;FNDT;EQIN;EQ-N;0.0002;0.3466;SUR;15.01.2020;262100364;RU000A0ET1Z7;StavropolEnergoSbyt (pref);2-01-50119-A;0.345;0.345;SUR;2;3;20.01.2020
SVAV;TQBR;СОЛЛЕРС;289.5;10;12.5;A;Т+: Акции и ДР - безадрес.;1;"ОАО ""СОЛЛЕРС"" ао";;FNDT;EQIN;EQ-N;0.5;290;SUR;15.01.2020;34270159;RU0006914488;Sollers;1-01-02461-D;289.5;289.5;SUR;1;2;20.01.2020
SZPR;TQBR;СЗПароход;904;1;13;A;Т+: Акции и ДР - безадрес.;0;Сев.-зап. пароходство ПАО;;FNDT;EQIN;EQ-N;2;908;SUR;15.01.2020;10514630;RU0009100861;Severo-Zapadnoe Parokhodstvo;1-01-00141-A;904;904;SUR;1;3;20.01.2020
TASB;TQBR;ТамбЭнСб;0.2785;10000;0.02;A;Т+: Акции и ДР - безадрес.;4;"ао""Тамбов.энергсбыт.комп.""ПАО";;FNDT;EQIN;EQ-N;0.0005;0.276;SUR;15.01.2020;1525986880;RU000A0D8NG8;Tambov EnergoSbyt Company;1-01-65100-D;0.2785;0.2785;SUR;1;3;20.01.2020
TASBP;TQBR;ТамбЭнСб-п;0.1885;10000;0.02;A;Т+: Акции и ДР - безадрес.;4;"ап""Тамбов.энергсбыт.комп.""ПАО";;FNDT;EQIN;EQ-N;0.0005;0.186;SUR;15.01.2020;217961420;RU000A0D8NH6;Tambov EnergoSbyt Comp. (pref);2-01-65100-D;0.1885;0.1885;SUR;2;3;20.01.2020
TATN;TQBR;Татнфт 3ао;807;1;1;A;Т+: Акции и ДР - безадрес.;1;"ПАО ""Татнефть"" ао";;FNDT;EQIN;EQ-N;0.1;808.7;SUR;15.01.2020;2178690700;RU0009033591;Tatneft-3;1-03-00161-A;807;807;SUR;1;1;20.01.2020
TATNP;TQBR;Татнфт 3ап;760;1;1;A;Т+: Акции и ДР - безадрес.;1;"ПАО ""Татнефть"" ап 3 вып.";;FNDT;EQIN;EQ-N;0.1;759.1;SUR;15.01.2020;147508500;RU0006944147;Tatneft (pref);2-03-00161-A;760;760;SUR;2;1;20.01.2020
TCSG;TQBR;TCS-гдр;1453.8;1;0;A;Т+: Акции и ДР - безадрес.;1;ГДР TCS Group Holding ORD SHS;;FNDT;EQIN;EQ-N;0.2;1446;SUR;15.01.2020;0;US87238U2033;GDR TCS Group Holding ORD SHS;;1453.8;1453.8;SUR;D;1;20.01.2020
TGKA;TQBR;ТГК-1;0.01312;100000;0.01;A;Т+: Акции и ДР - безадрес.;6;"ао ПАО ""ТГК-1""";;FNDT;EQIN;EQ-N;0.000002;0.01321;SUR;15.01.2020;3.85434E+12;RU000A0JNUD0;TGK-1;1-01-03388-D;0.01312;0.01312;SUR;1;1;20.01.2020
TGKB;TQBR;ТГК-2;0.00255;1000000;0.01;A;Т+: Акции и ДР - безадрес.;6;"ао ПАО ""ТГК-2""";;FNDT;EQIN;EQ-N;0.000005;0.002575;SUR;15.01.2020;1.4584E+12;RU000A0JNGS7;TGK-2;1-01-10420-A;0.00255;0.00255;SUR;1;3;20.01.2020
TGKBP;TQBR;ТГК-2 ап;0.00372;1000000;0.01;A;Т+: Акции и ДР - безадрес.;5;"ап ПАО ""ТГК-2""";;FNDT;EQIN;EQ-N;0.00001;0.0038;SUR;15.01.2020;16500533681;RU000A0JNGT5;TGK-2 pref;2-01-10420-A;0.00372;0.00372;SUR;2;3;20.01.2020
TGKD;TQBR;Квадра;0.003255;100000;0.01;A;Т+: Акции и ДР - безадрес.;6;Квадра ПАО ао;;FNDT;EQIN;EQ-N;0.000005;0.00332;SUR;15.01.2020;1.9125E+12;RU000A0JNMZ0;Kvadra;1-01-43069-A;0.003255;0.003255;SUR;1;3;20.01.2020
TGKDP;TQBR;Квадра-п;0.00381;100000;0.01;A;Т+: Акции и ДР - безадрес.;6;Квадра ПАО ап;;FNDT;EQIN;EQ-N;0.000005;0.003785;SUR;15.01.2020;75272938838;RU000A0JNNB9;Kvadra (pref);2-01-43069-A;0.003795;0.003795;SUR;2;3;20.01.2020
TGKN;TQBR;ТГК-14;0.0045;1000000;0.001;A;Т+: Акции и ДР - безадрес.;5;"ао ПАО ""ТГК-14""";;FNDT;EQIN;EQ-N;0.00001;0.00471;SUR;15.01.2020;1.35795E+12;RU000A0H1ES3;TGK-14;1-01-22451-F;0.0045;0.0045;SUR;1;2;20.01.2020
TNSE;TQBR;ТНСэнрг ао;975;1;1;A;Т+: Акции и ДР - безадрес.;0;"ПАО ГК ""ТНС энерго"" ао";;FNDT;EQIN;EQ-N;5;975;SUR;15.01.2020;13668239;RU000A0JUCQ5;"PAO GK ""TNS energo"" ao";1-01-15521-A;970;970;SUR;1;2;20.01.2020
TORS;TQBR;ТРК ао;0.407;10000;0.492;A;Т+: Акции и ДР - безадрес.;3;"ао ""Томская распределит.комп.""";;FNDT;EQIN;EQ-N;0.001;0.404;SUR;15.01.2020;3819315580;RU000A0ETZF2;Tomsk raspredelit. komp ao;1-01-50128-A;0.407;0.407;SUR;1;3;20.01.2020
TORSP;TQBR;ТРК ап;0.296;10000;0.4916;A;Т+: Акции и ДР - безадрес.;4;"ап ""Томская распределит.комп.""";;FNDT;EQIN;EQ-N;0.0005;0.296;SUR;15.01.2020;576693000;RU000A0ETZM8;Tomsk raspredelit. komp ap;2-01-50128-A;0.296;0.296;SUR;2;3;20.01.2020
TRCN;TQBR;ТрансК ао;8525;1;1000;A;Т+: Акции и ДР - безадрес.;0;ТрансКонтейнер ПАО ао;;FNDT;EQIN;EQ-N;5;8495;SUR;15.01.2020;13894778;RU000A0JPRX9;TransKonteiner ao;1-01-55194-E;8525;8525;SUR;1;3;20.01.2020
TRFM;TQBR;ТрансФ ао;;10000;0.1;A;Т+: Акции и ДР - безадрес.;5;ПАО ТрансФин-М ао;;FNDT;EQIN;EQ-N;0.00002;;SUR;15.01.2020;1.3215E+11;RU000A0JUGP8;TransFin-M;1-01-50156-A;;;SUR;1;3;20.01.2020
TRMK;TQBR;ТМК ао;58.22;10;10;A;Т+: Акции и ДР - безадрес.;2;ПАО ТМК;;FNDT;EQIN;EQ-N;0.02;58.38;SUR;15.01.2020;1033135366;RU000A0B6NK6;TMK ao;1-01-29031-H;58.22;58.22;SUR;1;1;20.01.2020
TRNFP;TQBR;Транснф ап;176850;1;1;A;Т+: Акции и ДР - безадрес.;0;Транснефть ПАО акц.пр.;;FNDT;EQIN;EQ-N;50;177300;SUR;15.01.2020;1554875;RU0009091573;Transneft (pref);2-01-00206-A;176850;176850;SUR;2;1;20.01.2020
TTLK;TQBR;Таттел. ао;0.304;10000;0.1;A;Т+: Акции и ДР - безадрес.;4;Таттелеком ПАО ао;;FNDT;EQIN;EQ-N;0.0005;0.292;SUR;15.01.2020;20843976400;RU000A0HM5C1;Tattelekom;1-02-50049-A;0.304;0.304;SUR;1;3;20.01.2020
TUZA;TQBR;ТЗА ао;95;10;10;A;Т+: Акции и ДР - безадрес.;0;Туймаз. завод автобетоновозов;;FNDT;EQIN;EQ-N;1;96;SUR;15.01.2020;8220000;RU000A0HL7A2;Tuimaz. Zavod Avtobetonovozov;1-01-30455-D;95;95;SUR;1;3;20.01.2020
UCSS;TQBR;ОКС ао;1500;1;1000;A;Т+: Акции и ДР - безадрес.;0;ПАО ОКС ао;;FNDT;EQIN;EQ-N;10;1480;SUR;15.01.2020;23718856;RU000A0JTQK0;PAO OKS ao;1-01-15296-A;1500;1500;SUR;1;3;20.01.2020
UKUZ;TQBR;ЮжКузб. ао;540;1;0;A;Т+: Акции и ДР - безадрес.;0;Южный Кузбасс ПАО ао;;FNDT;EQIN;EQ-N;2;538;SUR;15.01.2020;36109217;RU0005294775;Uzhnyi Kuzbass;1-02-10591-F;540;540;SUR;1;3;20.01.2020
UNAC;TQBR;iАвиастКао;0.642;1000;0.86;A;Т+: Акции и ДР - безадрес.;4;Об.авиастр.корп. ПАО ао;;FNDT;EQIN;EQ-N;0.0005;0.638;SUR;15.01.2020;4.92526E+11;RU000A0JPLZ7;Ob.aviastroitelnaya korp.;1-02-55306-E;0.6415;0.6415;SUR;1;3;20.01.2020
UNKL;TQBR;ЮУНК ао;3090;1;1;A;Т+: Акции и ДР - безадрес.;0;Южно-Уральский никел. комб. ао;;FNDT;EQIN;EQ-N;10;3060;SUR;15.01.2020;599737;RU0004887991;Uzhno-Uralskiy nikel. komb. ao;1-01-00197-A;3090;3090;SUR;1;3;20.01.2020
UPRO;TQBR;Юнипро ао;2.92;1000;0.4;A;Т+: Акции и ДР - безадрес.;3;Юнипро ПАО ао;;FNDT;EQIN;EQ-N;0.001;2.949;SUR;15.01.2020;63048706145;RU000A0JNGA5;Unipro PAO ao;1-02-65104-D;2.92;2.92;SUR;1;1;20.01.2020
URKA;TQBR;Уркалий-ао;119.04;10;0.5;N;Т+: Акции и ДР - безадрес.;2;Уралкалий ПАО ао;;FNDT;EQIN;EQ-N;0.02;119.04;SUR;15.01.2020;2936015891;RU0007661302;Uralkaliy;1-01-00296-A;119.04;119.04;SUR;1;3;20.01.2020
URKZ;TQBR;УрКузница;10540;1;1;A;Т+: Акции и ДР - безадрес.;0;"ПАО ""Уральская кузница"" ао";;FNDT;EQIN;EQ-N;20;10480;SUR;15.01.2020;547761;RU000A0JPFY2;Uralskaya kuznica ao;1-01-32341-D;10540;10540;SUR;1;3;20.01.2020
USBN;TQBR;УралСиб ао;0.0958;10000;0.1;A;Т+: Акции и ДР - безадрес.;4;БАНК УРАЛСИБ ПАО ао;;FNDT;EQIN;EQ-N;0.0001;0.0951;SUR;15.01.2020;3.60135E+11;RU0006929536;BANK URALSIB ao;10200030B;0.0954;0.0954;SUR;1;3;20.01.2020
UTAR;TQBR;ЮТэйр ао;7.29;100;1;A;Т+: Акции и ДР - безадрес.;2;"Авиакомания ""ЮТэйр"" (ПАО) ао";;FNDT;EQIN;EQ-N;0.01;7.25;SUR;15.01.2020;3702208000;RU0007661385;UTAir Aviacompany;1-01-00077-F;7.24;7.24;SUR;1;3;20.01.2020
UWGN;TQBR;ОВК ао;331.5;1;1;A;Т+: Акции и ДР - безадрес.;1;ПАО НПК ОВК ао;;FNDT;EQIN;EQ-N;0.1;333.6;SUR;15.01.2020;115996689;RU000A0JVBT9;OVK ao;1-01-82031-H;331.3;331.3;SUR;1;3;20.01.2020
VDSB;TQBR;ВЭК 01 ао;9.68;100;2.55;A;Т+: Акции и ДР - безадрес.;2;Владимирэнергосбыт ПАО;;FNDT;EQIN;EQ-N;0.02;9.74;SUR;15.01.2020;29165220;RU000A0DQWJ9;VEK ao;1-01-50087-A;9.68;9.68;SUR;1;3;20.01.2020
VGSB;TQBR;ВолгЭнСб;1.7;1000;0.12;A;Т+: Акции и ДР - безадрес.;3;Волгоград.энергосбыткомп ПАО;;FNDT;EQIN;EQ-N;0.005;1.795;SUR;15.01.2020;319595965;RU000A0D8L73;Volgograd Energo Sbyt;1-01-65103-D;1.69;1.69;SUR;1;3;20.01.2020
VGSBP;TQBR;ВолгЭнСб-п;1.225;1000;0.12;A;Т+: Акции и ДР - безадрес.;3;Волгоград.энергосбыткомп ПАО;;FNDT;EQIN;EQ-N;0.005;1.25;SUR;15.01.2020;80499134;RU000A0D8L57;Volgograd Energo Sbyt (pref);2-01-65103-D;1.225;1.225;SUR;2;3;20.01.2020
VJGZ;TQBR;Варьеган;704;1;0;A;Т+: Акции и ДР - безадрес.;0;Варьеганнефтегаз ПАО ао;;FNDT;EQIN;EQ-N;1;716;SUR;15.01.2020;18091110;RU0009046460;Var'eganneftegaz ao;1-01-00017-A;703;703;SUR;1;3;20.01.2020
VJGZP;TQBR;Варьеган-п;383;10;0;A;Т+: Акции и ДР - безадрес.;0;Варьеганнефтегаз ПАО ап;;FNDT;EQIN;EQ-N;1;388;SUR;15.01.2020;5883050;RU0007964789;Var'eganneftegaz ap;2-01-00017-A;383;383;SUR;2;3;20.01.2020
VLHZ;TQBR;ВХЗ-ао;58.5;10;20;A;Т+: Акции и ДР - безадрес.;2;Владимирский химич.з-д(ПАО) ао;;FNDT;EQIN;EQ-N;0.05;58.05;SUR;15.01.2020;5005605;RU0007984761;VHZ;1-02-04847-A;58.5;58.5;SUR;1;3;20.01.2020
VRSB;TQBR;ТНСэнВорон;49.8;100;0.4;A;Т+: Акции и ДР - безадрес.;1;ТНС энерго Воронеж ПАО ао;;FNDT;EQIN;EQ-N;0.2;51.8;SUR;15.01.2020;56151024;RU000A0DPG67;TNS energo Voroneg ao;1-01-55029-E;49.8;49.8;SUR;1;3;20.01.2020
VRSBP;TQBR;ТНСэнВор-п;24.5;100;0.4;A;Т+: Акции и ДР - безадрес.;1;ТНС энерго Воронеж ПАО ап;;FNDT;EQIN;EQ-N;0.5;25.5;SUR;15.01.2020;18716678;RU000A0DPG75;TNS energo Voroneg ap;2-01-55029-E;24.5;24.5;SUR;2;3;20.01.2020
VSMO;TQBR;ВСМПО-АВСМ;24800;1;1;A;Т+: Акции и ДР - безадрес.;0;Корп. ВСМПО-АВИСМА (ПАО) ао;;FNDT;EQIN;EQ-N;20;24820;SUR;15.01.2020;11529538;RU0009100291;Corp. VSMPO-AVISMA ao;1-01-30202-D;24840;24840;SUR;1;2;20.01.2020
VSYD;TQBR;ВыбСудЗ ао;3050;1;1;A;Т+: Акции и ДР - безадрес.;0;Выборгский Суд.Завод ПАО ао;;FNDT;EQIN;EQ-N;5;3035;SUR;15.01.2020;1553984;RU0006334372;Viborgskii sudostr. Zavod ao;1-01-02203-D;3050;3050;SUR;1;3;20.01.2020
VSYDP;TQBR;ВыбСудЗ ап;3480;1;1;A;Т+: Акции и ДР - безадрес.;0;Выборгский Суд.Завод ПАО ап;;FNDT;EQIN;EQ-N;20;3480;SUR;15.01.2020;51839;RU0006334380;Viborgskii sudostr. Zavod ap;2-01-02203-D;3480;3480;SUR;2;3;20.01.2020
VTBR;TQBR;ВТБ ао;0.046805;10000;0.01;A;Т+: Акции и ДР - безадрес.;6;ао ПАО Банк ВТБ;;FNDT;EQIN;EQ-N;0.000005;0.04735;SUR;15.01.2020;1.29605E+13;RU000A0JP5V6;VTB;10401000B;0.046805;0.046805;SUR;1;1;20.01.2020
VZRZ;TQBR;Возрожд-ао;481;1;10;N;Т+: Акции и ДР - безадрес.;0;"Банк ""Возрождение""-ао";;FNDT;EQIN;EQ-N;1;479;SUR;15.01.2020;23748694;RU0009084214;Vozrojdenie;10101439B;480;480;SUR;1;3;20.01.2020
VZRZP;TQBR;Возрожд-п;349.2;10;10;A;Т+: Акции и ДР - безадрес.;1;"Банк ""Возрождение"" - ап";;FNDT;EQIN;EQ-N;0.2;348.6;SUR;15.01.2020;1294505;RU0009100127;Vozrojdenie (pref);20201439B;349.2;349.2;SUR;2;3;20.01.2020
WTCM;TQBR;ЦМТ ао;9.04;100;1;A;Т+: Акции и ДР - безадрес.;2;Центр междун. торговлиПАО ао;;FNDT;EQIN;EQ-N;0.02;8.96;SUR;15.01.2020;1083000000;RU0008137070;CMT;1-01-01837-A;9.04;9.04;SUR;1;2;20.01.2020
WTCMP;TQBR;ЦМТ ап;7.78;100;1;A;Т+: Акции и ДР - безадрес.;2;Центр междун. торговлиПАО ап;;FNDT;EQIN;EQ-N;0.02;7.84;SUR;15.01.2020;162000000;RU0008137088;CMT (pref);2-01-01837-A;7.78;7.78;SUR;2;2;20.01.2020
YAKG;TQBR;ЯТЭК ао;32.66;100;1;A;Т+: Акции и ДР - безадрес.;2;Якутская топл.-энерг. комп. ао;;FNDT;EQIN;EQ-N;0.02;32.74;SUR;15.01.2020;826919375;RU0007796819;YaTEK ao;1-01-20510-F;32.66;32.66;SUR;1;3;20.01.2020
YKEN;TQBR;Якутскэнрг;0.29;10000;1;A;Т+: Акции и ДР - безадрес.;4;"АК ""Якутскэнерго"" (ПАО) ао";;FNDT;EQIN;EQ-N;0.0005;0.291;SUR;15.01.2020;7963562986;RU0009257075;YakutskEnergo;1-01-00304-A;0.29;0.29;SUR;1;3;20.01.2020
YKENP;TQBR;Якутскэн-п;0.265;10000;1;A;Т+: Акции и ДР - безадрес.;4;"АК ""Якутскэнерго"" (ПАО) ап";;FNDT;EQIN;EQ-N;0.0005;0.2605;SUR;15.01.2020;1332635125;RU0007796827;YakutskEnergo ap;2-01-00304-A;0.2635;0.2635;SUR;2;3;20.01.2020
YNDX;TQBR;Yandex clA;2690;1;0;A;Т+: Акции и ДР - безадрес.;1;PLLC Yandex N.V. class A shs;;FNDT;EQIN;EQ-N;0.2;2685.2;EUR;15.01.2020;292597655;NL0009805522;PLLC Yandex N.V.;;2690;2690;SUR;1;1;20.01.2020
YRSB;TQBR;ТНСэнЯр;160;10;1;A;Т+: Акции и ДР - безадрес.;0;ТНС энерго Ярославль ПАО ао;;FNDT;EQIN;EQ-N;2;164;SUR;15.01.2020;17143584;RU000A0D8760;TNS energo Yaroslavl' ao;1-01-50099-A;160;160;SUR;1;3;20.01.2020
YRSBP;TQBR;ТНСэнЯр-п;88;10;1;A;Т+: Акции и ДР - безадрес.;1;ТНС энерго Ярославль ПАО ап;;FNDT;EQIN;EQ-N;0.5;87.5;SUR;15.01.2020;4507320;RU000A0D88B3;TNS energo Yaroslavl' (pref);2-01-50099-A;88;88;SUR;2;3;20.01.2020
ZILL;TQBR;ЗИЛ ао;1980;1;1000;A;Т+: Акции и ДР - безадрес.;0;Завод им. И.А.Лихачева ПАО ао;;FNDT;EQIN;EQ-N;2;1996;SUR;15.01.2020;2659962;RU0009086193;ZIL ao;1-02-00036-A;1988;1988;SUR;1;3;20.01.2020
ZVEZ;TQBR;ЗВЕЗДА ао;4.68;1000;0.1;A;Т+: Акции и ДР - безадрес.;3;ЗВЕЗДА ПАО ао;;FNDT;EQIN;EQ-N;0.005;4.645;SUR;15.01.2020;562020480;RU0009091300;Zvezda ao;1-01-00169-D;4.675;4.675;SUR;1;3;20.01.2020
